﻿<?xml version="1.0" encoding="utf-8"?>
<LinkAppList>
	<LinkApp Type="ExistFile" ID="0" Info="WAVファイルから再生" >
		<!-- 読み上げアプリケーション設定 -->
		<!-- 情報 -->
		<Detail>ファイルから音声を再生する場合に使う</Detail>
		<!-- 音声再生連携ソフト起動ファイル -->
		<Rec>false</Rec>
		<Talk>true</Talk>
		<LinkAppName>VoiceLink_WAVPlayer.exe</LinkAppName>
		<!-- 後続アプリケーションへの引数 -->
		<Arguments>
			<LinkAppArgs>
				<text>"text":"$dummyText$"</text>
				<otherArgs>"sperker":1</otherArgs>
			</LinkAppArgs>
		</Arguments>
		<AppKillName>VoiceLink_WAVPlayer</AppKillName>
	</LinkApp>
	<LinkApp Type="NotFile" ID="1" Info="四国めたんさん録音" >
		<Detail>VOICEVOXの四国めたんさんの声で録音をする（VOICEVOX起動中のみ）</Detail>
		<Rec>true</Rec>
		<Talk>false</Talk>
		<LinkAppName>VoiceLink_VoiceVo.exe</LinkAppName>
		<Arguments>
			<LinkAppArgs>
				<text>"text":"$dummyText$","talk":false</text>
				<otherArgs>"sperker":0</otherArgs>
			</LinkAppArgs>
		</Arguments>
		<AppKillName>VoiceLink</AppKillName>
	</LinkApp>
	<LinkApp Type="NotFile" ID="2" Info="四国めたんさん録音同時再生" >
		<Detail>VOICEVOXの四国めたんさんの声で録音と同時に再生をする（VOICEVOX起動中のみ）</Detail>
		<Rec>true</Rec>
		<Talk>true</Talk>
		<LinkAppName>VoiceLink_VoiceVo.exe</LinkAppName>
		<Arguments>
			<LinkAppArgs>
				<text>"text":"$dummyText$","talk":true</text>
				<otherArgs>"sperker":0</otherArgs>
			</LinkAppArgs>
		</Arguments>
		<AppKillName>VoiceLink</AppKillName>
	</LinkApp>
	<LinkApp Type="NotFile" ID="3" Info="ずんだもんさん録音" >
		<Detail>VOICEVOXのずんだもんさんの声で録音をする（VOICEVOX起動中のみ）</Detail>
		<Rec>true</Rec>
		<Talk>false</Talk>
		<LinkAppName>VoiceLink_VoiceVo.exe</LinkAppName>
		<Arguments>
			<LinkAppArgs>
				<text>"text":"$dummyText$"</text>
				<otherArgs>"sperker":1,"talk":false</otherArgs>
			</LinkAppArgs>
		</Arguments>
		<AppKillName>VoiceLink</AppKillName>
	</LinkApp>
	<LinkApp Type="NotFile" ID="4" Info="ずんだもんさん録音同時再生" >
		<Detail>VOICEVOXのずんだもんさんの声で録音をする（VOICEVOX起動中のみ）</Detail>
		<Rec>true</Rec>
		<Talk>false</Talk>
		<LinkAppName>VoiceLink_VoiceVo.exe</LinkAppName>
		<Arguments>
			<LinkAppArgs>
				<text>"text":"$dummyText$"</text>
				<otherArgs>"sperker":1,"talk":true</otherArgs>
			</LinkAppArgs>
		</Arguments>
		<AppKillName>VoiceLink</AppKillName>
	</LinkApp>
	<LinkApp Type="NotFile" ID="5" Info="AquesTalk10 bas0（いわゆるゆっくり）で録音" >
		<Detail>AquesTalk10 bas0（いわゆるゆっくり）で録音を行う（本体のダウンロード及び配置が必要）</Detail>
		<Rec>true</Rec>
		<Talk>false</Talk>
		<LinkAppName>VoiceLink_Aques.exe</LinkAppName>
		<Arguments>
			<LinkAppArgs>
				<text>"text":"$dummyText$"</text>
				<otherArgs>"bas":0,"spd":100,"vol":100,"pit":100,"acc":100,"lmd":100,"fsc":100,"talk":false</otherArgs>
			</LinkAppArgs>
		</Arguments>
		<AppKillName>VoiceLink</AppKillName>
	</LinkApp>
	<LinkApp Type="NotFile" ID="6" Info="AquesTalk10 bas0（いわゆるゆっくり）で録音同時再生" >
		<Detail>AquesTalk10 bas0（いわゆるゆっくり）で録音と同時再生する（本体のダウンロード及び配置が必要）</Detail>
		<Rec>true</Rec>
		<Talk>false</Talk>
		<LinkAppName>VoiceLink_Aques.exe</LinkAppName>
		<Arguments>
			<LinkAppArgs>
				<text>"text":"$dummyText$"</text>
				<otherArgs>"bas":0,"spd":100,"vol":100,"pit":100,"acc":100,"lmd":100,"fsc":100,"talk":true</otherArgs>
			</LinkAppArgs>
		</Arguments>
		<AppKillName>VoiceLink</AppKillName>
	</LinkApp>
	<LinkApp Type="NotFile" ID="7" Info="AquesTalk10 bas1（いわゆるゆっくり）で録音同時再生" >
		<Detail>AquesTalk10（いわゆるゆっくり）bas1 で録音と同時再生する（本体のダウンロード及び配置が必要）</Detail>
		<Rec>true</Rec>
		<Talk>false</Talk>
		<LinkAppName>VoiceLink_Aques.exe</LinkAppName>
		<Arguments>
			<LinkAppArgs>
				<text>"text":"$dummyText$"</text>
				<otherArgs>"bas":1,"spd":100,"vol":100,"pit":100,"acc":100,"lmd":100,"fsc":100,"talk":true</otherArgs>
			</LinkAppArgs>
		</Arguments>
		<AppKillName>VoiceLink</AppKillName>
	</LinkApp>
	<LinkApp Type="NotFile" ID="8" Info="AquesTalk10 bas2（いわゆるゆっくり）で録音同時再生" >
		<Detail>AquesTalk10（いわゆるゆっくり）bas2 で録音と同時再生する（本体のダウンロード及び配置が必要）</Detail>
		<Rec>true</Rec>
		<Talk>false</Talk>
		<LinkAppName>VoiceLink_Aques.exe</LinkAppName>
		<Arguments>
			<LinkAppArgs>
				<text>"text":"$dummyText$"</text>
				<otherArgs>"bas":2,"spd":100,"vol":100,"pit":100,"acc":100,"lmd":100,"fsc":100,"talk":true</otherArgs>
			</LinkAppArgs>
		</Arguments>
		<AppKillName>VoiceLink</AppKillName>
	</LinkApp>
</LinkAppList>